ドライ,0.001401
スプレー,0.000400
ウイル,0.000200
ドレ,0.000200
ステージ,0.000400
ウオッチ,0.000200
ホーク,0.000200
モード,0.000400
ズロース,0.000200
ハッ,0.000600
グループ,0.000200
ウエ,0.001000
フルート,0.000200
メ,0.008603
スポンジ,0.000400
リーク,0.000200
セール,0.000800
キューブ,0.000200
ドリーム,0.000200
ネクスト,0.000200
カウン,0.001401
キャ,0.000600
シュート,0.000400
エス,0.001000
ボード,0.000200
キープ,0.000200
ゴア,0.000200
トランクス,0.000200
ステー,0.000600
スカイ,0.000800
モンター,0.000200
ノブ,0.000200
ネー,0.000800
プレート,0.000400
ラウンジ,0.000200
デッド,0.001000
クイズ,0.000200
ハイ,0.004802
ローン,0.000400
ティーン,0.000400
ヘル,0.001000
スポン,0.000200
ヒント,0.000200
キール,0.000200
ハ,0.002801
メッ,0.000600
ワット,0.000200
シェー,0.000400
パール,0.000200
チューブ,0.000200
パルプ,0.000200
スケート,0.000400
チャ,0.001200
シルク,0.000600
スロット,0.000400
ショー,0.002001
カー,0.002401
ピューレ,0.000200
ジュラ,0.000200
クラッ,0.000200
フィッシュ,0.000200
クリップ,0.000400
カル,0.000400
レンジ,0.000200
ヒュー,0.001801
ワルツ,0.000200
タフ,0.000400
リュート,0.000200
シェル,0.000600
フランク,0.000200
パルス,0.000200
スピン,0.000400
スチール,0.001000
マイル,0.000200
フロー,0.000200
ナックル,0.000200
ショル,0.000400
グロス,0.000200
リーグ,0.001601
スキップ,0.000200
クレ,0.000200
ウェーブ,0.000200
クライ,0.001000
スケープ,0.000200
ヨ,0.000200
ポップ,0.001000
イ,0.006403
イエス,0.000400
ハッチ,0.000200
レッグ,0.000200
トビート,0.000200
ジグ,0.000200
スナップ,0.000400
ツリー,0.000200
トライ,0.000800
テク,0.002201
ジョイント,0.000600
マップ,0.000200
サイズ,0.000800
クリーム,0.001200
グロー,0.000600
トレース,0.000200
チープ,0.000200
スタイ,0.000200
サックス,0.000400
ユース,0.000200
バウンズ,0.000200
ニュー,0.002201
スタイル,0.000800
スマイル,0.000200
コッ,0.000200
ファイト,0.000400
クレム,0.000200
スタグ,0.000200
パンチ,0.000400
ニード,0.000200
タンク,0.001000
サージ,0.000200
デスク,0.000800
アウト,0.003201
ゲーム,0.003001
ホイップ,0.000200
ロースト,0.000200
ノク,0.000200
グリーン,0.000800
セン,0.003001
タイト,0.000400
バンパ,0.000200
ジーンズ,0.000200
スコア,0.001200
ワールド,0.000600
ドア,0.000600
クロロ,0.000200
スクラム,0.000200
コ,0.009604
ダイス,0.000400
ケーオー,0.000200
ファーム,0.000400
サンド,0.000600
プロット,0.000200
ツー,0.002001
ジョーク,0.000200
シャツ,0.000800
ショール,0.000400
ネーム,0.000800
リスク,0.000200
グラ,0.001200
ジュ,0.000400
フロント,0.000200
セオ,0.000200
ピーク,0.000200
ポイント,0.001401
ジュース,0.000400
チェッ,0.000200
ソー,0.002601
スレート,0.000200
ビ,0.003201
グラフ,0.000200
パイン,0.000200
ル,0.001200
ストッ,0.000600
フォース,0.000200
ニック,0.000200
フラ,0.000200
クラク,0.000200
クローズ,0.000200
フォ,0.001200
スキャット,0.000200
マド,0.000200
タング,0.000200
ハウス,0.001401
ペット,0.000600
アイディー,0.000200
スノ,0.000200
ギャル,0.000200
エル,0.001000
スプリング,0.000600
エー,0.001000
ガイド,0.000600
スモッグ,0.000200
ミュー,0.001601
ランプ,0.001000
パン,0.001801
パンプス,0.000200
ブルー,0.000600
トラク,0.000200
ギャ,0.000800
キス,0.000200
チャンプ,0.000200
ハウ,0.001200
シンク,0.000400
フォル,0.000200
レア,0.000400
ボルト,0.000200
イムタイム,0.000200
ラン,0.004402
シャイ,0.000200
フォー,0.002401
ボート,0.000200
エール,0.000400
エース,0.000200
チャウ,0.000200
ウォー,0.000200
スノー,0.000800
カン,0.001200
モルト,0.000200
ソース,0.001601
ソール,0.000200
ライン,0.001401
スリッ,0.000400
スフィンクス,0.000200
グラス,0.001200
フレーズ,0.000200
チェア,0.000800
イブ,0.001000
ワイド,0.000400
シュリンプ,0.000200
バット,0.000200
ピコッ,0.000200
リング,0.000200
バンク,0.000600
ソープ,0.000200
ファイン,0.000600
ジュー,0.000400
ストア,0.000400
タロット,0.000200
シャッ,0.000400
シンボ,0.000400
リンク,0.000400
ガム,0.000600
レート,0.000200
ベッド,0.000200
ロ,0.004802
チャール,0.000200
ファンド,0.000200
ダ,0.004002
フェイク,0.000200
ツイスト,0.000200
センス,0.000400
ロイ,0.001000
ツール,0.000400
ディンクス,0.000200
ベンツ,0.000200
ステッキ,0.000200
モザ,0.000200
ホワイト,0.000800
ウインク,0.000200
メド,0.000400
ホット,0.001200
フィン,0.000400
コイル,0.000200
スチ,0.000400
マイム,0.000200
ノッ,0.000800
ストレート,0.000200
ムー,0.000400
ダイ,0.004402
ワーク,0.001401
ダッ,0.000600
オッズ,0.000200
チーム,0.000600
ミックス,0.000200
デッキ,0.001000
ユー,0.002401
フレンチ,0.000400
ロッ,0.001000
ヒート,0.000400
モア,0.000200
ノ,0.001401
ニュース,0.001200
スケッチ,0.000400
ストロ,0.000200
シーツ,0.000200
マウス,0.000200
パス,0.000600
スポーク,0.000200
ランチ,0.000400
ラズ,0.000200
メーン,0.001000
イースト,0.000200
クローズド,0.000200
リフ,0.000200
ティールーム,0.000200
スナック,0.000400
ベクト,0.000200
トレー,0.001801
スクロール,0.000200
ナッツ,0.000400
ディク,0.000200
サッシュ,0.000200
グロ,0.000200
サック,0.000400
マッ,0.000800
ピット,0.000200
シチュー,0.000200
ライブ,0.000200
チャージ,0.000600
レスト,0.000200
スーツ,0.001000
ポップス,0.000200
スプリン,0.000400
クレー,0.000600
グレード,0.000200
チーフ,0.000200
プレーン,0.000200
ピンク,0.000400
エン,0.003802
ヤン,0.000400
ロフト,0.000200
スモーク,0.000200
カール,0.000400
マ,0.011004
ナツ,0.000200
テ,0.004602
スパイク,0.000200
トリック,0.000400
パー,0.005002
チャー,0.000600
ザ,0.000200
マイ,0.001801
ショ,0.000200
シェ,0.000200
パル,0.000200
クリック,0.000200
ボイルド,0.000200
ポ,0.006403
ボックス,0.000400
ドック,0.000200
ホールド,0.000200
ヘルス,0.000600
ツイン,0.000600
フィート,0.000200
ジャック,0.000600
ミート,0.000600
コーン,0.001000
ドッグ,0.000600
キル,0.000200
ステ,0.000800
キー,0.002201
グ,0.000400
フッ,0.000400
タルク,0.000200
セーフ,0.000800
サード,0.000200
ハーブ,0.000200
ウエー,0.000800
セールス,0.000600
フォール,0.000200
ウイ,0.001000
ツン,0.000400
ドレス,0.001200
ストレス,0.000400
プラット,0.000200
オート,0.000200
リム,0.000200
ワイヤ,0.000200
フ,0.000800
セー,0.000600
テキ,0.000400
ジェン,0.000400
ニア,0.000200
セルフ,0.000600
マッチ,0.001601
マキ,0.000600
ペプ,0.000200
ガット,0.000400
ウ,0.001200
シャ,0.001401
エイト,0.000200
ド,0.002001
キュート,0.000200
チョー,0.000200
スパン,0.000400
コア,0.000400
フルーツ,0.000200
タウン,0.000600
モップ,0.000200
スタント,0.000400
ラインズ,0.000200
ボイス,0.000600
ピン,0.001000
ストー,0.000600
スリ,0.000400
サッ,0.000400
ディ,0.004202
チェス,0.000200
スキン,0.000400
テント,0.000200
アン,0.002401
ペー,0.002401
トロ,0.000400
フード,0.001200
フレアー,0.000200
シール,0.000200
ナウ,0.000200
グレー,0.001000
シース,0.000200
サイ,0.005002
マイク,0.000200
ドッ,0.000400
ギャング,0.000200
ラム,0.000600
スタンプ,0.000200
キッド,0.000200
ケン,0.000200
サ,0.010004
トレード,0.000400
プール,0.000400
ルート,0.000400
カム,0.000200
パーク,0.000600
クロース,0.000400
フォア,0.000400
クロ,0.001401
ジャン,0.001601
ヤング,0.000400
レイプ,0.000200
オブ,0.001000
パンツ,0.000600
エイジ,0.000200
タル,0.000400
パウンド,0.000400
フック,0.000200
クッ,0.000800
コート,0.001601
スラッシュ,0.000200
スパッツ,0.000200
ター,0.001801
トッ,0.000600
パッド,0.000200
コルト,0.000200
ラフ,0.000200
スニー,0.000200
ティーチ,0.000200
ク,0.001200
ガン,0.000600
プアップ,0.000200
フェルト,0.000200
ホープ,0.000200
スポット,0.000400
リール,0.000200
サキ,0.000200
リース,0.000200
トイ,0.000400
ホース,0.000400
レク,0.000200
ホール,0.001200
テュー,0.000200
ファスト,0.000200
エッジ,0.000200
ソング,0.001200
ト,0.001801
ストロー,0.000200
ピンチ,0.000600
スチュ,0.000200
クエー,0.000400
カット,0.000800
エム,0.001000
クォー,0.001000
ゴ,0.001000
スポークス,0.000200
スキート,0.000200
ケース,0.000400
ショッ,0.001000
モブ,0.000200
ファックス,0.000200
ファイブ,0.000200
ハイツ,0.000200
スパート,0.000400
ルックス,0.000200
フロッ,0.000200
ロード,0.001000
コスト,0.000800
ペンス,0.000200
クラス,0.000800
ランク,0.000200
ヌー,0.000200
シン,0.003802
スター,0.001000
リンチ,0.000200
リズ,0.000200
ベル,0.000200
アール,0.000400
ムレート,0.000200
シェイ,0.000200
アース,0.000400
ストライキ,0.000600
ライト,0.001401
バン,0.000400
スロープ,0.000200
スポーツ,0.001200
ピース,0.000600
ラウド,0.000200
トリート,0.000200
ターム,0.000400
ソム,0.000200
ハンド,0.001401
スイート,0.001000
メーキャッ,0.000200
スコンク,0.000200
スカー,0.000200
ウイング,0.000200
スキャン,0.000400
セクト,0.000200
ジッ,0.000200
ソフ,0.000400
ホン,0.000200
レーン,0.001000
ウエア,0.000400
エスオーエス,0.000200
チャイルド,0.000200
ノック,0.000400
ジャスト,0.000200
リン,0.000200
ハート,0.000200
ガール,0.000800
スープ,0.000200
ネット,0.000600
ジ,0.000800
コックス,0.000200
ギャグ,0.000200
ナイス,0.000200
トロッコ,0.000200
トレンチ,0.000200
フェン,0.000400
オイル,0.000600
ストリッ,0.000200
プリ,0.001000
ストール,0.000200
ステッ,0.000200
エフ,0.001601
ワー,0.000800
ジャブ,0.000200
ダッシュ,0.000400
ファン,0.001601
ロック,0.001200
ヘット,0.000200
スリム,0.000200
ワープ,0.000200
デス,0.000400
オイ,0.000200
タン,0.001601
フィルム,0.000400
フィット,0.000400
ゼウス,0.000200
スクエア,0.000400
サウ,0.000200
ナイ,0.000200
ミッ,0.000400
ビュー,0.000400
ナーバ,0.000200
ジャーク,0.000200
パーツ,0.000200
トーン,0.000600
コック,0.000400
ドラ,0.001200
オ,0.007603
クリーン,0.000200
フェンス,0.000200
ラスク,0.000200
ナ,0.003401
ナイフ,0.000400
ビルド,0.000200
エヌ,0.000400
キット,0.000200
シーム,0.000200
ボウル,0.000200
スクープ,0.000200
スラックス,0.000200
ミ,0.007203
マルキ,0.000200
スー,0.001200
マグ,0.000800
ガル,0.000200
バス,0.000200
トロール,0.000200
ミイ,0.000200
ナッ,0.000400
ガー,0.001601
スル,0.000200
ブレーク,0.000200
クロール,0.000200
チッキ,0.000200
スカ,0.000400
スピーチ,0.000200
ノイズ,0.000200
ドレッ,0.000800
オッ,0.000200
リンス,0.000200
リンピース,0.000200
アーチ,0.000400
セット,0.000600
ポンド,0.000200
トレッ,0.000200
ピル,0.000200
マート,0.000200
リュック,0.000200
レフト,0.000200
アー,0.001801
スパーク,0.000200
オキ,0.000200
ベール,0.000200
ベース,0.000600
バンプ,0.000200
ポート,0.000200
ピー,0.003201
ペイン,0.000200
ニ,0.001000
キング,0.000600
ルック,0.000400
ガウン,0.000200
パット,0.000200
ケー,0.000800
サブ,0.001200
タオ,0.000400
スモック,0.000200
トラ,0.001801
スタ,0.001200
シェア,0.000600
パンク,0.000400
フェイント,0.000200
ゾル,0.000200
ゴースト,0.000400
ウインチ,0.000200
ファウン,0.000200
スクリーン,0.000400
クラ,0.000600
ストレッチ,0.000200
ペン,0.002601
スコール,0.000200
ホーム,0.002401
フロア,0.000200
ニッ,0.000800
クオーク,0.000200
ミキ,0.000600
クリーク,0.000200
ダスト,0.000600
ヒューズ,0.000200
コード,0.000800
リー,0.001401
ラプ,0.000200
スムーズ,0.000200
ルアー,0.000200
ホル,0.000800
クエ,0.000200
ワイン,0.001000
プリント,0.000200
レッ,0.000400
ハント,0.000200
ヒ,0.001401
ポスト,0.000400
カプ,0.000200
マスト,0.000200
ノート,0.000400
ステーキ,0.000200
ライド,0.000200
トースト,0.000200
テスト,0.001200
ホー,0.000600
ワン,0.002201
グッズ,0.000200
アーム,0.000400
カフス,0.000200
レ,0.012805
ヒッ,0.001000
フォールト,0.000200
トップ,0.002601
テーマ,0.000600
メッシュ,0.000200
ジェット,0.000400
パフ,0.000200
プラン,0.001200
ドロー,0.000200
レイ,0.000400
スプリット,0.000400
ハイク,0.000200
タール,0.000400
ラウンド,0.000400
ソテー,0.000400
メード,0.000400
スクラン,0.000200
シー,0.004602
ログ,0.000200
プル,0.000400
デル,0.000200
ペール,0.000200
クランク,0.000200
ペース,0.000200
ヘッド,0.001200
シル,0.000200
ドク,0.000400
クロス,0.001401
ストライド,0.000200
ヒッチ,0.000200
チーズ,0.000600
トランク,0.000400
デー,0.002601
ミューズ,0.000200
ワスプ,0.000200
トロー,0.000200
グライ,0.000400
ゼ,0.002201
スプリント,0.000200
モ,0.006803
スストア,0.000200
スト,0.000200
サク,0.000400
スリー,0.000800
ガス,0.000400
テックス,0.000200
スラブ,0.000400
スタッド,0.000200
ハード,0.001200
ベン,0.000800
チューン,0.000200
ディー,0.001801
マイルド,0.000200
サーブ,0.000200
スイッチ,0.001000
ボ,0.001200
チェ,0.000200
モッ,0.000200
シェード,0.000200
フライ,0.000600
シャー,0.000600
チョ,0.000200
リーチ,0.000200
バー,0.001000
ドラム,0.000200
スリル,0.000200
スキーヤー,0.000200
チム,0.000200
スス,0.000400
グリップ,0.000400
レキ,0.000200
スパイ,0.000200
コス,0.001000
トリッ,0.000200
ファイル,0.000400
スクリュー,0.000400
トラップ,0.000200
ラッ,0.000600
ゲ,0.000200
スモー,0.000600
ギャン,0.000400
プッシュ,0.000200
カッ,0.000600
ゲイ,0.000400
ティ,0.000400
ヨー,0.000400
フェイル,0.000200
イー,0.003001
レッド,0.000800
ラ,0.005802
ライフ,0.002001
ドカード,0.000400
ゲッ,0.000200
テイスト,0.000200
カイ,0.000200
テープ,0.001200
チク,0.000200
フィールド,0.000600
チップ,0.000800
リード,0.001000
フロート,0.000200
パイル,0.000200
ポール,0.000400
スキッ,0.000200
カ,0.005202
スケー,0.000400
スロッ,0.000200
ショート,0.000600
パイプ,0.000400
ライ,0.003201
ベルト,0.000200
サム,0.000200
スクリプト,0.000200
テール,0.000600
グルー,0.000600
ジャイ,0.000600
ハー,0.001401
プレス,0.000200
ゴング,0.000200
フィ,0.001000
ルーム,0.001801
バッグ,0.001200
ヘ,0.001601
ミーイ,0.000200
ジャッジ,0.000200
ダイン,0.000200
セーブ,0.000200
クレーン,0.000200
ネ,0.001401
ソフト,0.000800
フィフ,0.000400
ステート,0.000400
ギフト,0.000200
ハーフ,0.000800
ホック,0.000200
ヘイ,0.000200
トローチ,0.000200
ノン,0.000800
プレー,0.002201
スペード,0.000200
ストローク,0.000200
セク,0.001401
プライス,0.000200
シード,0.000200
ヘッ,0.000200
ソウル,0.000400
タックス,0.000600
ダン,0.001200
テキスト,0.000200
ウール,0.000400
ロン,0.000200
キッス,0.000200
カウント,0.000400
ペスト,0.000200
メー,0.000800
スイング,0.000200
メル,0.000200
ネッ,0.000600
ファク,0.000400
ストーブ,0.000400
フープ,0.000200
パブ,0.000200
タイツ,0.000200
テン,0.000600
マン,0.003401
サンク,0.000200
ストップ,0.000200
エ,0.010804
ストライク,0.000200
ポン,0.000400
ジューク,0.000200
グリース,0.000200
エイ,0.000200
ガード,0.000200
チョップ,0.000200
ボーイ,0.000200
ジフ,0.000200
ピック,0.000200
ルー,0.001401
コーチ,0.000200
スライス,0.000200
ギヤ,0.000200
タグ,0.000400
ミッド,0.000200
チャンス,0.000200
エッ,0.001000
ヤッ,0.000400
キャッチ,0.000200
クロック,0.000200
ビー,0.000800
ジョーゼッ,0.000200
フレーム,0.000400
ゴールド,0.000400
オプ,0.000600
ドット,0.000200
エクス,0.000200
ストロン,0.000200
ギ,0.001200
ソ,0.003401
ルーフ,0.000200
フリ,0.000200
ストーム,0.000200
フォーク,0.001000
ナプ,0.000200
フロン,0.000400
スピー,0.000600
ビーフ,0.000200
リアル,0.000400
サイト,0.000600
スプーン,0.000200
ステン,0.000200
ワックス,0.000200
ワイルド,0.000400
スペア,0.000400
ツ,0.000200
ロープ,0.000400
ホイッ,0.000200
スケール,0.000400
コル,0.000200
レンズ,0.000600
ロール,0.000600
エッチ,0.000200
スポー,0.000200
ミルク,0.000800
エキ,0.001000
コー,0.002801
ファッ,0.001200
ズーム,0.000400
クルーズ,0.000200
ジョ,0.000200
プラズ,0.000200
ポンチ,0.000400
モスク,0.000200
クイック,0.000200
クォーツ,0.000200
ジェ,0.000600
ジム,0.000400
パウ,0.000800
スツール,0.000200
エイチ,0.000800
フラッシュ,0.000400
プアー,0.000200
ペア,0.000200
ドッジ,0.000200
ベスト,0.000200
ムーブ,0.000200
ファイ,0.002001
ウイン,0.001200
ページ,0.000600
ピュー,0.000200
バンド,0.000200
マス,0.000800
ジェス,0.000200
ノー,0.001601
ゴッド,0.000200
ジャズ,0.000800
カウ,0.000200
メイン,0.000200
ノル,0.000400
ジェー,0.000600
ジョー,0.000200
ハン,0.002001
ポス,0.000200
ユ,0.003201
フレキ,0.000200
オム,0.000200
ム,0.000200
プラク,0.000200
ダル,0.000200
フェア,0.001401
ヌード,0.000200
ダー,0.000800
ドロップ,0.000200
オールド,0.000600
コース,0.000600
メン,0.002001
コール,0.001401
ロー,0.004402
ヒット,0.001200
シグ,0.000200
グラウンド,0.000400
インチ,0.000200
サッシ,0.000200
フリー,0.001401
スピ,0.000800
ウオー,0.001000
フィール,0.000200
ズイン,0.000200
イン,0.011204
ルール,0.000400
デート,0.000600
メンチ,0.000200
シート,0.000800
リア,0.000400
スライ,0.000600
フレンド,0.000400
ループ,0.000200
チャン,0.000600
スリット,0.000200
フリル,0.000200
フリス,0.000200
ワード,0.000600
エク,0.001000
プラグ,0.000400
ポンプ,0.000200
ハズ,0.000200
ダウン,0.001000
ナフ,0.000200
ステッチ,0.000200
マンス,0.000200
チェック,0.000800
グリー,0.000200
スラング,0.000200
ゼット,0.000200
テンス,0.000200
ブ,0.000200
トレン,0.000200
トロット,0.000200
オフ,0.002001
クレン,0.000400
キリスト,0.000200
ウハウ,0.000200
ラブ,0.001401
ストック,0.000600
スリップ,0.000200
ニーズ,0.000400
サンクス,0.000200
ブイ,0.001000
スラッ,0.000200
グリル,0.000200
プリーツ,0.000200
ネク,0.000200
キャスト,0.000200
コン,0.014006
メール,0.000600
ウー,0.000800
キッ,0.000400
スカーフ,0.000200
パッチ,0.000400
フー,0.000200
ダンス,0.001601
スリーブ,0.000400
ケーキ,0.000600
サイド,0.000600
スペク,0.000400
ウエスト,0.000800
セ,0.005002
フル,0.000800
トーク,0.000200
タック,0.000600
ナイト,0.001200
ウエート,0.000600
ミット,0.000200
シュ,0.000400
ウル,0.000200
ファースト,0.001000
セッ,0.000800
オーエス,0.000200
プレ,0.001401
ナット,0.000200
フィル,0.000400
ジーエ,0.000200
ネイル,0.000200
ジンクス,0.000200
コイン,0.000200
マーチ,0.000200
サウンド,0.000400
チロ,0.000200
キ,0.001801
プライ,0.000800
ウオール,0.000200
フィー,0.000600
フェード,0.000400
ポーチ,0.000400
グル,0.000200
ウイーク,0.000600
ハープ,0.000400
アンド,0.000800
ストレッ,0.000200
ケア,0.000600
クリンチ,0.000200
スワッ,0.000200
スノッブ,0.000200
チャート,0.000400
パイ,0.001801
ポー,0.001000
ピート,0.000200
マル,0.000400
スタンド,0.000400
リスト,0.000400
アート,0.000800
ゼム,0.000200
ホスト,0.000400
テー,0.002001
グラン,0.000200
ローム,0.000200
パ,0.012805
ポル,0.000600
ライス,0.000200
マー,0.002201
ガッツ,0.000200
タッグ,0.000400
カク,0.000600
クラック,0.000200
ギブ,0.000400
ヤーン,0.000200
ティー,0.002601
ロス,0.000200
カーブ,0.000200
カップ,0.000600
ペント,0.000200
ニット,0.000200
スパイス,0.000200
フラン,0.000400
ゾンデ,0.000200
ロト,0.000200
チ,0.001200
チャイム,0.000200
ラップ,0.000600
トラック,0.000600
クリア,0.000200
パッ,0.001801
ビン,0.000200
フィード,0.000200
ウオツ,0.000200
ストリート,0.000400
トー,0.001401
カーソ,0.000200
ダクト,0.000200
タッ,0.000400
プランク,0.000200
プリンス,0.000200
エンド,0.001200
クローン,0.000200
スチーム,0.000200
キック,0.000600
グローブ,0.000400
グライン,0.000200
ジャンプ,0.000400
ドラッグ,0.000400
ラスト,0.000400
ディッシュ,0.000200
ギア,0.000400
スカウト,0.000400
トル,0.000200
ヒール,0.000200
スペ,0.000600
ナイン,0.000200
ルーツ,0.000200
プライド,0.000200
ファー,0.000200
スペース,0.000600
クー,0.000400
ホイル,0.000400
リップ,0.000600
ショーツ,0.000200
スティック,0.000200
エージ,0.000200
チュー,0.000800
タ,0.002201
スウェット,0.000600
ハム,0.000400
ナン,0.001200
レール,0.000200
レース,0.001000
セント,0.000200
マウンド,0.000200
チャーチ,0.000200
ホップ,0.000400
ゲスト,0.000200
タイ,0.004202
サーチ,0.000400
チルド,0.000200
オン,0.001801
クイーン,0.000600
バルブ,0.000200
スタウト,0.000200
テーク,0.000400
チック,0.000200
マーク,0.001200
サー,0.005002
ファウル,0.000800
モール,0.000400
ペイ,0.000200
ジス,0.000400
サル,0.000400
ポーク,0.000600
グッド,0.000600
モッブ,0.000200
ソート,0.000200
ルダン,0.000200
プラム,0.000200
ペ,0.004002
シャーク,0.000200
ディスク,0.001200
サーフ,0.000200
ドル,0.000200
クローク,0.000200
ゾーン,0.000600
シャフト,0.000200
スクラップ,0.000600
グランド,0.000800
ボール,0.001200
ニンフ,0.000200
パック,0.000600
ドライブ,0.000400
ギャップ,0.000200
ペッ,0.000600
スクリプ,0.000200
キュー,0.001601
アド,0.000200
トーチ,0.000200
タッチ,0.000400
グレープ,0.000200
タキ,0.000200
スタン,0.000400
ドー,0.000400
トラン,0.001000
ミンチ,0.000200
ミズ,0.000400
ウッド,0.000200
ジル,0.000200
オール,0.000200
ハット,0.000800
コールド,0.000600
ワ,0.000600
ホーン,0.000200
レン,0.000400
ワイフ,0.000200
ナース,0.000200
ドーム,0.000200
プレッ,0.000200
ツイード,0.000200
ムック,0.000200
ベロ,0.000200
ワイ,0.001000
ジー,0.000200
マスク,0.000600
ヒン,0.000200
ワッ,0.000400
レイン,0.000600
ジャー,0.001200
ウイット,0.000200
ダーク,0.000400
ドリル,0.000200
スラム,0.000200
リブ,0.000200
ラグ,0.000400
ドス,0.000200
ゲージ,0.000200
ミール,0.000200
スイー,0.000200
スカート,0.000400
ルージュ,0.000200
ボードビ,0.000200
プロンプ,0.000200
ステップ,0.000600
プラ,0.001200
ジューンブ,0.000200
チェンジ,0.000600
エックス,0.000400
ベ,0.001200
ロッド,0.000200
アイス,0.001601
クス,0.000200
スポイル,0.000200
スコッチ,0.000200
エヌジー,0.000200
カート,0.000400
クラブ,0.001200
トリル,0.000200
クリー,0.000600
ブック,0.000200
タイム,0.004202
ヨット,0.000200
トス,0.000200
シーン,0.000400
インク,0.000200
トレンド,0.000200
ショップ,0.000800
ヌ,0.000400
スライド,0.000200
スパー,0.000400
ヘア,0.001801
ゲート,0.000200
ゴル,0.000200
リンゲ,0.000200
アップ,0.002401
スマート,0.000200
スタート,0.000400
ピク,0.000200
ゴー,0.001801
ゼン,0.000200
ハング,0.000200
トラスト,0.000200
ムード,0.000400
モン,0.001000
レンチ,0.000200
ソックス,0.000200
スキー,0.000200
ショット,0.001000
スロー,0.001000
ゴルフ,0.000200
ルーズ,0.000200
スランプ,0.000200
ピッ,0.001000
ポット,0.000200
チャット,0.000200
レス,0.000400
イーイ,0.000200
スピード,0.000800
クラフト,0.000200
スパ,0.000800
シャン,0.000600
マット,0.000200
セーキ,0.000200
アッ,0.000600
チャーム,0.000200
ケ,0.001000
サン,0.004202
リフト,0.000200
ゴール,0.001200
スタッフ,0.000400
クリ,0.003001
ピ,0.002601
ショック,0.000400
アイ,0.005602
ストリップ,0.000200
クオ,0.000400
スキュー,0.000400
ドン,0.000200
ペイント,0.000200
ア,0.001401
ケッ,0.000400
パート,0.000800
サイン,0.000600
ウエルカ,0.000200
クレーム,0.000200
スカッシュ,0.000400
トリ,0.000600
フロック,0.000400
ダム,0.000600
シューズ,0.000600
フット,0.000600
ターン,0.000400
ミル,0.000200
スイ,0.000400
ドリ,0.000200
ドロン,0.000200
ウインド,0.000800
ガ,0.001000
ロム,0.000200
ス,0.001601
ジャ,0.001200
プラス,0.000200
トン,0.000600
シフト,0.000200
ミー,0.000200
チア,0.000200
ウエット,0.000400
ガイ,0.000400
ヤード,0.000200
ローズ,0.000200
スマッシュ,0.000200
メンズ,0.000200
オー,0.008804
ワースト,0.000200
ジープ,0.000200
オル,0.000200
ステンド,0.000200
パージ,0.000400
ドラフト,0.000200
モス,0.000400
ワイル,0.000200
スクー,0.000400
ゼス,0.000200
フィッ,0.000200
クラッシュ,0.000200
ナル,0.000400
ギルド,0.000200
ストライプ,0.000200
ピッチ,0.000800
フライト,0.000400
ウオッ,0.000400
バ,0.002401
スキッド,0.000200
デッ,0.000200
ペーブ,0.000200
キュ,0.000400
ミス,0.000600
スタンス,0.000200
ペク,0.000200
ボー,0.000600
ロング,0.000600
ヨーク,0.000200
ダーツ,0.000200
フラップ,0.000200
ウエーブ,0.000400
スクール,0.001200
ボル,0.000200
バイ,0.002001
タルタ,0.000200
ツアー,0.000400
ガウス,0.000200
ポーズ,0.000400
ラッシュ,0.000400
ラック,0.000800
モー,0.003201
リッチ,0.000200
シャープ,0.000200
フレーク,0.000200
チョーク,0.000200
フラット,0.000200
デ,0.006202
プ,0.000800
ロッジ,0.000200
シ,0.009004
スラプ,0.000200
スラー,0.000200
ズチョイス,0.000200
ノーツ,0.000200
ビジ,0.000200
ジャム,0.000400
フォーム,0.000400
ペースト,0.000200
ノット,0.000200
クラッチ,0.000200
セックス,0.000400
チェーン,0.001000
ズフー,0.000200
タイプ,0.000200
ユーモ,0.000200
ホッ,0.000400
ジン,0.000400
タイル,0.000200
ジャッキ,0.000200
フィク,0.000600
リッ,0.000200
フーズ,0.000200
ピュア,0.000200
レー,0.001401
キッズ,0.000200
イスイ,0.000200
プラント,0.000200
ジョッ,0.000400
スコープ,0.000200
チュ,0.000200
カード,0.001401
ホ,0.002001
スキム,0.000200
ジャンク,0.000200
ファ,0.002601
クラウン,0.000200
ファース,0.000200
ネック,0.000600
ラード,0.000200
フェース,0.000800
デキ,0.000400
クール,0.000200
クルー,0.000600
タップ,0.000600
フェ,0.001801
プロ,0.006403
ヒー,0.000600
プリン,0.000600
フレッシュ,0.000200
スプロール,0.000200
タク,0.000200
リ,0.015006
ヨーグ,0.000200
ドリンク,0.000400
