クレーム,-3.700444
ワイド,-3.399414
トランク,-3.399414
トビート,-3.700444
トライ,-3.098384
チャウ,-3.700444
ファース,-3.700444
スケー,-3.399414
ソング,-2.922293
コイル,-3.700444
パール,-3.700444
リム,-3.700444
パルス,-3.700444
ショッ,-3.001474
ショップ,-3.098384
レール,-3.700444
ミット,-3.700444
リール,-3.700444
ミーイ,-3.700444
フット,-3.223323
スケープ,-3.700444
スパ,-3.098384
プラン,-2.922293
スモック,-3.700444
ホール,-2.922293
シーム,-3.700444
オプ,-3.223323
フィフ,-3.399414
ジフ,-3.700444
モッ,-3.700444
コア,-3.399414
シーン,-3.399414
オッズ,-3.700444
プラム,-3.700444
カード,-2.855346
チューブ,-3.700444
ホープ,-3.700444
スタグ,-3.700444
キッ,-3.399414
フラット,-3.700444
タオ,-3.399414
ウイーク,-3.223323
フェ,-2.746202
ビー,-3.098384
フーズ,-3.700444
アウト,-2.496324
ショーツ,-3.700444
ペース,-3.700444
シャッ,-3.399414
フード,-2.922293
ドル,-3.700444
ジム,-3.399414
ムレート,-3.700444
イスイ,-3.700444
ドライブ,-3.399414
ヘルス,-3.223323
ヨーク,-3.700444
スロット,-3.399414
サーチ,-3.399414
ウインク,-3.700444
スタ,-2.922293
ワープ,-3.700444
ソフト,-3.098384
メンズ,-3.700444
シース,-3.700444
バンプ,-3.700444
プロンプ,-3.700444
アイ,-2.253286
タンク,-3.001474
フレッシュ,-3.700444
トリル,-3.700444
リフ,-3.700444
ティー,-2.586501
ナツ,-3.700444
ビーフ,-3.700444
スカウト,-3.399414
パブ,-3.700444
ポイント,-2.855346
キス,-3.700444
ジャッキ,-3.700444
プラス,-3.700444
ハーブ,-3.700444
コード,-3.098384
フィ,-3.001474
ロイ,-3.001474
ワックス,-3.700444
マイク,-3.700444
リブ,-3.700444
ユーモ,-3.700444
エッジ,-3.700444
グリー,-3.700444
デッキ,-3.001474
ジープ,-3.700444
パフ,-3.700444
ペッ,-3.223323
テュー,-3.700444
コスト,-3.098384
ニュース,-2.922293
ウール,-3.399414
メル,-3.700444
スポーツ,-2.922293
オート,-3.700444
モス,-3.399414
ファイブ,-3.700444
カット,-3.098384
ボックス,-3.399414
ラスク,-3.700444
モザ,-3.700444
フィート,-3.700444
バルブ,-3.700444
ボール,-2.922293
ストライキ,-3.223323
サイズ,-3.098384
タク,-3.700444
サイド,-3.223323
イ,-2.195294
エク,-3.001474
ク,-2.922293
ユ,-2.496324
ダウン,-3.001474
サブ,-2.922293
ヒッ,-3.001474
プラク,-3.700444
ノル,-3.399414
ジャブ,-3.700444
スタート,-3.399414
ウインチ,-3.700444
ゼット,-3.700444
セット,-3.223323
テ,-2.338716
リーチ,-3.700444
バ,-2.621263
ファイル,-3.399414
ライブ,-3.700444
スツール,-3.700444
フランク,-3.700444
ラグ,-3.399414
スライ,-3.223323
フライ,-3.223323
フォア,-3.399414
プアップ,-3.700444
ブルー,-3.223323
クォーツ,-3.700444
タイ,-2.378225
マイム,-3.700444
スティック,-3.700444
スチュ,-3.399414
オールド,-3.223323
デル,-3.700444
ハイ,-2.320233
スチーム,-3.700444
フォーク,-3.001474
ダム,-3.223323
フロア,-3.700444
ナフ,-3.700444
スタント,-3.399414
ピット,-3.700444
マン,-2.445172
トレース,-3.700444
ウイット,-3.700444
スリル,-3.700444
ハイツ,-3.700444
フリル,-3.700444
チープ,-3.700444
ラック,-3.098384
フレーズ,-3.700444
エイ,-3.700444
スペ,-3.223323
タイツ,-3.700444
ロッジ,-3.700444
ウェーブ,-3.700444
トロット,-3.700444
クラッ,-3.700444
スパート,-3.399414
ストローク,-3.700444
チム,-3.700444
サム,-3.700444
ウハウ,-3.700444
ベール,-3.700444
スキャン,-3.399414
インチ,-3.700444
スカーフ,-3.700444
ニンフ,-3.700444
オ,-2.120661
トローチ,-3.700444
ガ,-3.001474
サックス,-3.399414
チャール,-3.700444
ナイト,-2.922293
ポン,-3.399414
ヒー,-3.223323
ヨー,-3.399414
スキッ,-3.700444
ス,-2.797354
コールド,-3.223323
フ,-3.098384
ズイン,-3.700444
ペースト,-3.700444
エスオーエス,-3.700444
ミ,-2.144142
ナル,-3.399414
ベクト,-3.700444
スキップ,-3.700444
ピュー,-3.700444
スロッ,-3.700444
フロッ,-3.700444
ゾンデ,-3.700444
クローク,-3.700444
スクラン,-3.700444
ナウ,-3.700444
マイ,-2.746202
ドリンク,-3.399414
フィク,-3.223323
ホワイト,-3.098384
ドレッ,-3.098384
タイム,-2.378225
シュリンプ,-3.700444
モスク,-3.700444
エン,-2.421691
ダクト,-3.700444
チューン,-3.700444
クライ,-3.001474
クランク,-3.700444
ボル,-3.700444
リッチ,-3.700444
ゲーム,-2.524353
パッチ,-3.399414
タン,-2.797354
エクス,-3.700444
ツール,-3.399414
ムーブ,-3.700444
コ,-2.019203
ハン,-2.700444
スケート,-3.399414
サイト,-3.223323
スクリプト,-3.700444
チップ,-3.098384
ノイズ,-3.700444
ショット,-3.001474
ベル,-3.700444
ピート,-3.700444
フィルム,-3.399414
ゴースト,-3.399414
タング,-3.700444
プラント,-3.700444
サル,-3.399414
グランド,-3.098384
ゲッ,-3.700444
スプリン,-3.399414
ハング,-3.700444
ノブ,-3.700444
スケッチ,-3.399414
シグ,-3.700444
サウ,-3.700444
フラップ,-3.700444
キック,-3.223323
ヨーグ,-3.700444
ケーキ,-3.223323
ステッキ,-3.700444
ストール,-3.700444
カ,-2.285471
ウオッ,-3.399414
ファイン,-3.223323
ミンチ,-3.700444
スイング,-3.700444
チェーン,-3.001474
ダル,-3.700444
マンス,-3.700444
グローブ,-3.399414
サンド,-3.223323
スポット,-3.399414
ワイルド,-3.399414
ギャップ,-3.700444
スラッ,-3.700444
カプ,-3.700444
ルックス,-3.700444
ロン,-3.700444
スタン,-3.399414
ボイルド,-3.700444
シャイ,-3.700444
イーイ,-3.700444
スペク,-3.399414
ルール,-3.399414
ラッ,-3.223323
ミート,-3.223323
キッス,-3.700444
ワスプ,-3.700444
スポーク,-3.700444
アン,-2.621263
スタンプ,-3.700444
レンズ,-3.223323
フレキ,-3.700444
パウ,-3.098384
ハイク,-3.700444
フレーム,-3.399414
ゴー,-2.746202
ストレス,-3.399414
リップ,-3.223323
グレープ,-3.700444
ループ,-3.700444
フィン,-3.399414
パル,-3.700444
キー,-2.659051
スパー,-3.399414
プロ,-2.195294
バット,-3.700444
ストーブ,-3.399414
ホップ,-3.399414
プラグ,-3.399414
ピンチ,-3.223323
セ,-2.302504
ガード,-3.700444
ゼ,-2.659051
ワイヤ,-3.700444
ホル,-3.098384
モー,-2.496324
チャイム,-3.700444
ト,-2.746202
グレー,-3.001474
スモー,-3.223323
コート,-2.797354
ロフト,-3.700444
エヌ,-3.399414
ブレーク,-3.700444
ワルツ,-3.700444
スパン,-3.399414
アイス,-2.797354
スパイク,-3.700444
オイル,-3.223323
プラ,-2.922293
クリーム,-2.855346
シェア,-3.223323
ピ,-2.586501
フィー,-3.223323
プレーン,-3.700444
タルタ,-3.700444
トラップ,-3.700444
ラズ,-3.700444
シェイ,-3.700444
ティ,-3.399414
イムタイム,-3.700444
ストリッ,-3.700444
ミュー,-2.797354
ステンド,-3.700444
メール,-3.223323
ミッド,-3.700444
ウル,-3.700444
ロング,-3.223323
カート,-3.399414
ガット,-3.399414
シャーク,-3.700444
シーツ,-3.700444
スパッツ,-3.700444
ホイップ,-3.700444
ペー,-2.621263
スター,-3.001474
テスト,-2.922293
フェイク,-3.700444
エージ,-3.700444
チッキ,-3.700444
フェン,-3.399414
ジーンズ,-3.700444
リンピース,-3.700444
ファーム,-3.399414
ヘル,-3.001474
ジョイント,-3.223323
ホイッ,-3.700444
シー,-2.338716
スピーチ,-3.700444
ジル,-3.700444
フライト,-3.399414
ハート,-3.700444
トン,-3.223323
ディスク,-2.922293
フェルト,-3.700444
ゼン,-3.700444
ニア,-3.700444
ファ,-2.586501
テイスト,-3.700444
ストライド,-3.700444
ウォー,-3.700444
フリス,-3.700444
ニット,-3.700444
セン,-2.524353
スタッフ,-3.399414
キューブ,-3.700444
デー,-2.586501
プール,-3.399414
ヌード,-3.700444
サッ,-3.399414
スリー,-3.098384
ジュラ,-3.700444
フリー,-2.855346
クレム,-3.700444
ラウンジ,-3.700444
クオ,-3.399414
パーク,-3.223323
スラックス,-3.700444
ネー,-3.098384
ア,-2.746202
マスト,-3.700444
クレン,-3.399414
クリック,-3.700444
スクラップ,-3.223323
ダッ,-3.223323
ベース,-3.223323
クリ,-2.524353
ホーク,-3.700444
スタンス,-3.700444
ロ,-2.320233
リーク,-3.700444
シェード,-3.700444
ヒント,-3.700444
ドラ,-2.922293
メド,-3.399414
ルック,-3.399414
ポート,-3.700444
フェース,-3.098384
クレー,-3.223323
ノー,-2.797354
ナッツ,-3.399414
クロール,-3.700444
ツー,-2.700444
スリム,-3.700444
スコッチ,-3.700444
フェンス,-3.700444
ポンプ,-3.700444
ワーク,-2.855346
ドック,-3.700444
ナッ,-3.399414
マイル,-3.700444
ニーズ,-3.399414
ノーツ,-3.700444
バンク,-3.223323
ニード,-3.700444
ウエー,-3.098384
チョップ,-3.700444
ボウル,-3.700444
チェッ,-3.700444
チーム,-3.223323
ナース,-3.700444
マット,-3.700444
ピン,-3.001474
ストレッ,-3.700444
シルク,-3.223323
フィッシュ,-3.700444
ストア,-3.399414
インク,-3.700444
ヒール,-3.700444
スキャット,-3.700444
デスク,-3.098384
ハ,-2.554316
コン,-1.849186
フェイル,-3.700444
ホーム,-2.621263
シール,-3.700444
スピード,-3.098384
タ,-2.586501
ノック,-3.399414
エ,-1.968050
レッグ,-3.700444
スレート,-3.700444
ペール,-3.700444
ケー,-3.098384
ムード,-3.399414
ファウン,-3.700444
ワッ,-3.399414
ズチョイス,-3.700444
ヤッ,-3.399414
ドー,-3.399414
ルーフ,-3.700444
メー,-3.098384
モブ,-3.700444
コイン,-3.700444
アート,-3.098384
テク,-2.659051
スフィンクス,-3.700444
レス,-3.399414
スクープ,-3.700444
リズ,-3.700444
ヘッ,-3.700444
スクー,-3.399414
ホーン,-3.700444
オイ,-3.700444
グリル,-3.700444
テンス,-3.700444
ガイ,-3.399414
パス,-3.223323
ジッ,-3.700444
レーン,-3.001474
ポ,-2.195294
デキ,-3.399414
ショール,-3.399414
モール,-3.399414
ホース,-3.399414
クイック,-3.700444
リース,-3.700444
レース,-3.001474
ジョッ,-3.399414
ヤーン,-3.700444
グライ,-3.399414
プレッ,-3.700444
キール,-3.700444
ペント,-3.700444
スカイ,-3.098384
ライト,-2.855346
ゴール,-2.922293
ポンチ,-3.399414
ミューズ,-3.700444
ラップ,-3.223323
スペース,-3.223323
クラブ,-2.922293
カン,-2.922293
ジス,-3.399414
ファスト,-3.700444
ロッド,-3.700444
スタイル,-3.098384
パッ,-2.746202
ネック,-3.223323
ルーツ,-3.700444
ルー,-2.855346
レッ,-3.399414
リッ,-3.700444
ツイード,-3.700444
キープ,-3.700444
ダーク,-3.399414
バイ,-2.700444
パルプ,-3.700444
ホッ,-3.399414
スイー,-3.700444
セオ,-3.700444
トリック,-3.399414
エイチ,-3.098384
トレン,-3.700444
ドッ,-3.399414
ケッ,-3.399414
スコープ,-3.700444
ウー,-3.098384
ジャズ,-3.098384
ワー,-3.098384
リーグ,-2.797354
スライス,-3.700444
フィル,-3.399414
バン,-3.399414
ウエスト,-3.098384
ラブ,-2.855346
ストロン,-3.700444
ニ,-3.001474
テン,-3.223323
ブック,-3.700444
ラフ,-3.700444
ウエート,-3.223323
ライド,-3.700444
ルーム,-2.746202
トリ,-3.223323
マウンド,-3.700444
ドラフト,-3.700444
シル,-3.700444
ジー,-3.700444
ピンク,-3.399414
ゴルフ,-3.700444
カイ,-3.700444
イン,-1.952256
スチ,-3.399414
ジューク,-3.700444
ジャーク,-3.700444
ケース,-3.399414
メッ,-3.223323
サック,-3.399414
スイ,-3.399414
オン,-2.746202
チック,-3.700444
ガン,-3.223323
スラブ,-3.399414
ヒッチ,-3.700444
ミイ,-3.700444
モンター,-3.700444
チロ,-3.700444
フルーツ,-3.700444
ファウル,-3.098384
ソート,-3.700444
ベロ,-3.700444
プリーツ,-3.700444
ジャンク,-3.700444
ジャイ,-3.223323
ドス,-3.700444
サキ,-3.700444
ファク,-3.399414
ヌ,-3.399414
セーブ,-3.700444
ホー,-3.223323
カク,-3.223323
コルト,-3.700444
ドッグ,-3.223323
トロール,-3.700444
チャーチ,-3.700444
グ,-3.399414
トレー,-2.746202
マ,-1.960081
レー,-2.855346
パーツ,-3.700444
リー,-2.855346
スナック,-3.399414
ローズ,-3.700444
ラム,-3.223323
パー,-2.302504
メーン,-3.001474
キル,-3.700444
ロード,-3.001474
モップ,-3.700444
ジョーク,-3.700444
ドーム,-3.700444
ゴル,-3.700444
チャット,-3.700444
ティールーム,-3.700444
ジグ,-3.700444
サー,-2.302504
クリー,-3.223323
ジェット,-3.399414
デッ,-3.700444
ジューンブ,-3.700444
ステップ,-3.223323
ドロン,-3.700444
カーブ,-3.700444
タイプ,-3.700444
ステッ,-3.700444
プライド,-3.700444
ハット,-3.098384
クローン,-3.700444
フォール,-3.700444
ポット,-3.700444
スイッチ,-3.001474
ウオール,-3.700444
スリ,-3.399414
センス,-3.399414
レンジ,-3.700444
ホック,-3.700444
フリ,-3.700444
ジャッジ,-3.700444
バンパ,-3.700444
ストッ,-3.223323
ダー,-3.098384
ダーツ,-3.700444
ストップ,-3.700444
プル,-3.399414
スイート,-3.001474
セク,-2.855346
ファー,-3.700444
パック,-3.223323
グッド,-3.223323
チェア,-3.098384
ネッ,-3.223323
タイル,-3.700444
レキ,-3.700444
グッズ,-3.700444
ネーム,-3.098384
ニュー,-2.659051
ギブ,-3.399414
グリース,-3.700444
ピク,-3.700444
ハード,-2.922293
スタッド,-3.700444
ソ,-2.469995
タロット,-3.700444
ム,-3.700444
ウインド,-3.098384
スプリット,-3.399414
デス,-3.399414
ファン,-2.797354
チョーク,-3.700444
チーフ,-3.700444
ノッ,-3.098384
サーフ,-3.700444
ドラム,-3.700444
ジーエ,-3.700444
ウエ,-3.001474
ドロー,-3.700444
ワースト,-3.700444
マート,-3.700444
トリート,-3.700444
トイ,-3.399414
ボー,-3.223323
ポーズ,-3.399414
ポスト,-3.399414
リスク,-3.700444
クレ,-3.700444
ストロー,-3.700444
マル,-3.399414
ダンス,-2.797354
タウン,-3.223323
セー,-3.223323
ギャ,-3.098384
グル,-3.700444
ハント,-3.700444
フォ,-2.922293
モ,-2.168965
トー,-2.855346
ピュア,-3.700444
ゴ,-3.001474
マップ,-3.700444
プリンス,-3.700444
ボルト,-3.700444
フラ,-3.223323
スピン,-3.399414
ウオツ,-3.700444
スノ,-3.700444
キ,-2.746202
ゴールド,-3.399414
ブイ,-3.001474
クラス,-3.098384
エフ,-2.797354
クォー,-3.001474
パンク,-3.399414
リンク,-3.399414
ヒート,-3.399414
ファックス,-3.700444
ナイ,-3.700444
ゲスト,-3.700444
サク,-3.399414
チク,-3.700444
タフ,-3.399414
シャフト,-3.700444
アーチ,-3.399414
ドレ,-3.700444
タール,-3.399414
ツン,-3.399414
エム,-3.001474
コック,-3.399414
トラスト,-3.700444
クロス,-2.855346
タックス,-3.223323
ストリート,-3.399414
クリーン,-3.700444
ゾル,-3.700444
テーク,-3.399414
シ,-2.047232
ノン,-3.098384
ボードビ,-3.700444
ペ,-2.399414
アイディー,-3.700444
ダイ,-2.358021
メーキャッ,-3.700444
エックス,-3.399414
セーフ,-3.098384
ハム,-3.399414
ディンクス,-3.700444
エール,-3.399414
フィット,-3.399414
スクリプ,-3.700444
ギャグ,-3.700444
ナイフ,-3.399414
ツイン,-3.223323
ヒュー,-2.746202
ハープ,-3.399414
イエス,-3.399414
フロック,-3.399414
ミキ,-3.223323
スペア,-3.399414
スカッシュ,-3.399414
スピー,-3.223323
ギア,-3.399414
サイ,-2.302504
ポール,-3.399414
フック,-3.700444
ピー,-2.496324
クエー,-3.399414
ハウス,-2.855346
スプリント,-3.700444
ベルト,-3.700444
プアー,-3.700444
ウエーブ,-3.399414
ユース,-3.700444
シャープ,-3.700444
スポン,-3.700444
フロート,-3.700444
コー,-2.554316
パイ,-2.746202
フェア,-2.855346
メイン,-3.700444
ガス,-3.399414
ケン,-3.700444
レイ,-3.399414
ドン,-3.700444
シャー,-3.223323
マッチ,-2.797354
スキート,-3.700444
スチール,-3.001474
クラフト,-3.700444
スクラム,-3.700444
スーツ,-3.001474
クイーン,-3.223323
マイルド,-3.700444
スクール,-2.922293
チャーム,-3.700444
ワイフ,-3.700444
トラ,-2.746202
メン,-2.700444
スプリング,-3.223323
グリップ,-3.399414
トラック,-3.223323
ピック,-3.700444
タルク,-3.700444
ペプ,-3.700444
ヒ,-2.855346
ヨ,-3.700444
スパイ,-3.700444
ミー,-3.700444
スー,-2.922293
クッ,-3.098384
フー,-3.700444
リアル,-3.399414
ドラッグ,-3.399414
スモーク,-3.700444
リンス,-3.700444
バス,-3.700444
ゴッド,-3.700444
シェー,-3.399414
セールス,-3.223323
ガッツ,-3.700444
キッズ,-3.700444
キュー,-2.797354
スリーブ,-3.399414
トロ,-3.399414
キッド,-3.700444
シート,-3.098384
ラッシュ,-3.223323
サーブ,-3.700444
クラク,-3.700444
ヘイ,-3.700444
ストロ,-3.700444
オッ,-3.700444
ポーチ,-3.399414
ショー,-2.700444
サンク,-3.700444
カー,-2.621263
スパーク,-3.700444
プ,-3.098384
ケーオー,-3.700444
ディッシュ,-3.700444
レク,-3.700444
ロープ,-3.399414
トースト,-3.700444
ラスト,-3.399414
リンゲ,-3.700444
ツリー,-3.700444
アール,-3.399414
フロント,-3.700444
クス,-3.700444
スポー,-3.700444
ラード,-3.700444
ウオッチ,-3.700444
ロム,-3.700444
ロール,-3.223323
シャン,-3.223323
ウイ,-3.001474
スタイ,-3.700444
ワイ,-3.001474
バッグ,-2.922293
リング,-3.700444
キット,-3.700444
シード,-3.700444
バー,-3.001474
ソム,-3.700444
マーチ,-3.700444
ヤン,-3.399414
スコール,-3.700444
ワン,-2.659051
ゴア,-3.700444
ソックス,-3.700444
ナックル,-3.700444
クラウン,-3.700444
コッ,-3.700444
ペスト,-3.700444
グライン,-3.700444
モア,-3.700444
フィッ,-3.700444
テー,-2.700444
ソール,-3.700444
ピューレ,-3.700444
クー,-3.399414
ユー,-2.621263
フッ,-3.399414
テキスト,-3.700444
シャ,-2.797354
ファンド,-3.700444
イー,-2.524353
シュ,-3.399414
ミッ,-3.399414
スストア,-3.700444
ワイン,-3.001474
ウイン,-2.922293
ファースト,-3.001474
ジン,-3.399414
ドク,-3.399414
コース,-3.223323
ピーク,-3.700444
ストーム,-3.700444
ソープ,-3.700444
プラズ,-3.700444
チャンス,-3.700444
バウンズ,-3.700444
ラインズ,-3.700444
シャツ,-3.098384
モード,-3.399414
レイン,-3.223323
クルーズ,-3.700444
ラプ,-3.700444
サージ,-3.700444
オー,-2.056991
ランプ,-3.001474
ガー,-2.797354
カッ,-3.223323
ペア,-3.700444
ペット,-3.223323
フレンド,-3.399414
コス,-3.001474
アップ,-2.621263
シチュー,-3.700444
ツイスト,-3.700444
トーク,-3.700444
コーン,-3.001474
リフト,-3.700444
ビュー,-3.399414
レフト,-3.700444
パイン,-3.700444
ソフ,-3.399414
エッチ,-3.700444
レン,-3.399414
スムーズ,-3.700444
パンツ,-3.223323
プランク,-3.700444
リン,-3.700444
プライ,-3.098384
ショ,-3.399414
ホン,-3.700444
ストリップ,-3.700444
クラッチ,-3.700444
ヤング,-3.399414
ギ,-2.922293
アンド,-3.098384
トロー,-3.700444
ショック,-3.399414
キャ,-3.223323
ハッチ,-3.700444
キュ,-3.399414
トラン,-3.001474
パン,-2.746202
シェ,-3.700444
ネクスト,-3.700444
ミズ,-3.399414
スクロール,-3.700444
スス,-3.399414
スマート,-3.700444
ミス,-3.223323
タッチ,-3.399414
ゲ,-3.700444
クレーン,-3.700444
ダイン,-3.700444
サン,-2.378225
プロット,-3.700444
キュート,-3.700444
クラ,-3.223323
ベンツ,-3.700444
スキム,-3.700444
ドリ,-3.700444
ビ,-2.496324
トレード,-3.399414
ソテー,-3.399414
ナイス,-3.700444
トッ,-3.223323
パンプス,-3.700444
マウス,-3.700444
ネク,-3.700444
セッ,-3.098384
ベン,-3.098384
キャスト,-3.700444
オキ,-3.700444
ショート,-3.223323
キャッチ,-3.700444
ズフー,-3.700444
クラック,-3.700444
チャイルド,-3.700444
スノー,-3.098384
スラー,-3.700444
グループ,-3.700444
サイン,-3.223323
ダン,-2.922293
ラ,-2.238046
チルド,-3.700444
ボイス,-3.223323
ヨット,-3.700444
プッシュ,-3.700444
フロン,-3.399414
ヒット,-2.922293
スポンジ,-3.399414
フォー,-2.621263
ステーキ,-3.700444
グルー,-3.223323
スキン,-3.399414
パージ,-3.399414
ウオー,-3.001474
フロー,-3.700444
ナン,-2.922293
スロー,-3.001474
クエ,-3.700444
ランチ,-3.399414
ハンド,-2.855346
ポップ,-3.001474
ゼス,-3.700444
トス,-3.700444
スピ,-3.098384
フラン,-3.399414
テキ,-3.399414
イースト,-3.700444
ドッジ,-3.700444
エンド,-2.922293
シュート,-3.399414
スキー,-3.700444
ポル,-3.223323
スランプ,-3.700444
ギャン,-3.399414
ラウンド,-3.399414
トーン,-3.223323
ハウ,-2.922293
ピース,-3.223323
スロープ,-3.700444
クロ,-2.855346
タル,-3.399414
ピッ,-3.001474
ナイン,-3.700444
ティーチ,-3.700444
プラット,-3.700444
ズロース,-3.700444
ドレス,-2.922293
エイト,-3.700444
カーソ,-3.700444
スプレー,-3.399414
タップ,-3.223323
ルダン,-3.700444
ダイス,-3.399414
ノク,-3.700444
タイト,-3.399414
ロト,-3.700444
エル,-3.001474
ジョーゼッ,-3.700444
ポンド,-3.700444
クロック,-3.700444
ジュース,-3.399414
トラク,-3.700444
ルージュ,-3.700444
スラム,-3.700444
ゲート,-3.700444
トレンド,-3.700444
ラウド,-3.700444
フレアー,-3.700444
ステート,-3.399414
ジェス,-3.700444
アッ,-3.223323
ゲージ,-3.700444
シェル,-3.223323
ガウス,-3.700444
レッド,-3.098384
フォース,-3.700444
スコンク,-3.700444
ビジ,-3.700444
ジョー,-3.700444
マキ,-3.223323
ルーズ,-3.700444
オーエス,-3.700444
スナップ,-3.399414
プレー,-2.659051
カル,-3.399414
ロッ,-3.001474
エイジ,-3.700444
ショル,-3.399414
プレス,-3.700444
パッド,-3.700444
スコア,-2.922293
カップ,-3.223323
ジェー,-3.223323
ペイ,-3.700444
ラン,-2.358021
ダ,-2.399414
ステッチ,-3.700444
ビルド,-3.700444
ジャム,-3.399414
グロ,-3.700444
スラッシュ,-3.700444
ウエルカ,-3.700444
フラッシュ,-3.399414
スケール,-3.399414
トランクス,-3.700444
クイズ,-3.700444
スクリュー,-3.399414
テント,-3.700444
ベ,-2.922293
スラング,-3.700444
ジャン,-2.797354
ガム,-3.223323
グラフ,-3.700444
オム,-3.700444
ドア,-3.223323
ビン,-3.700444
オール,-3.700444
ギャング,-3.700444
ジャンプ,-3.399414
ガール,-3.098384
ドット,-3.700444
ケア,-3.223323
アース,-3.399414
イブ,-3.001474
ピッチ,-3.098384
カウ,-3.700444
ライン,-2.855346
サ,-1.984441
フレンチ,-3.399414
チ,-2.922293
マド,-3.700444
ボ,-2.922293
パート,-3.098384
ジュー,-3.399414
クルー,-3.223323
ジャー,-2.922293
ライス,-3.700444
マスク,-3.223323
スライド,-3.700444
テープ,-2.922293
ロス,-3.700444
ヘッド,-2.922293
ペンス,-3.700444
オフ,-2.700444
サウンド,-3.399414
ガイド,-3.223323
スタウト,-3.700444
コル,-3.700444
キリスト,-3.700444
モルト,-3.700444
オブ,-3.001474
ペク,-3.700444
レート,-3.700444
メード,-3.399414
ポーク,-3.223323
クール,-3.700444
ローン,-3.399414
メッシュ,-3.700444
ムー,-3.399414
ミル,-3.700444
ウッド,-3.700444
テール,-3.223323
フル,-3.098384
スル,-3.700444
ソー,-2.586501
ブ,-3.700444
クリンチ,-3.700444
ローム,-3.700444
テックス,-3.700444
ニック,-3.700444
フェイント,-3.700444
ガウン,-3.700444
ドリーム,-3.700444
ザ,-3.700444
カフス,-3.700444
ジェン,-3.399414
スカ,-3.399414
アーム,-3.399414
ステージ,-3.399414
グラ,-2.922293
プリ,-3.001474
ポップス,-3.700444
スワッ,-3.700444
ナ,-2.469995
マグ,-3.098384
トリッ,-3.700444
セクト,-3.700444
ペイント,-3.700444
スカート,-3.399414
フォールト,-3.700444
スモッグ,-3.700444
ワールド,-3.223323
クリア,-3.700444
エース,-3.700444
チャン,-3.223323
サッシ,-3.700444
セルフ,-3.223323
トレンチ,-3.700444
ネット,-3.223323
フルート,-3.700444
ジ,-3.098384
ドライ,-2.797354
チャンプ,-3.700444
ヘ,-2.797354
スクエア,-3.399414
ナプ,-3.700444
タッ,-3.399414
ピル,-3.700444
フレーク,-3.700444
チョー,-3.700444
シンク,-3.399414
ファイ,-2.700444
ストライク,-3.700444
グラウンド,-3.399414
ネイル,-3.700444
カウント,-3.399414
パンチ,-3.399414
ハッ,-3.223323
ムック,-3.700444
チェス,-3.700444
ウ,-2.922293
ワ,-3.223323
パウンド,-3.399414
リンチ,-3.700444
レンチ,-3.700444
エッ,-3.001474
ペーブ,-3.700444
トップ,-2.586501
ボート,-3.700444
ズーム,-3.399414
パ,-1.874369
タッグ,-3.399414
スト,-3.700444
ウイング,-3.700444
ポス,-3.700444
スリッ,-3.399414
ストック,-3.223323
スリップ,-3.700444
ホ,-2.700444
トル,-3.700444
マー,-2.659051
プライス,-3.700444
レ,-1.894264
リ,-1.825383
ターム,-3.399414
ディ,-2.378225
ホールド,-3.700444
プリント,-3.700444
クオーク,-3.700444
エス,-3.001474
チャー,-3.223323
ギフト,-3.700444
チュー,-3.098384
ヌー,-3.700444
ターン,-3.399414
ノット,-3.700444
ハズ,-3.700444
ステ,-3.098384
ドリル,-3.700444
クリーク,-3.700444
ベッド,-3.700444
ギルド,-3.700444
トロッコ,-3.700444
ストライプ,-3.700444
ピコッ,-3.700444
スパイス,-3.700444
アド,-3.700444
ポー,-3.001474
チェ,-3.700444
ボード,-3.700444
ヒン,-3.700444
チェック,-3.098384
ドカード,-3.399414
ジャスト,-3.700444
メ,-2.066976
クローズド,-3.700444
チョ,-3.700444
マス,-3.098384
エー,-3.001474
チア,-3.700444
デート,-3.223323
ステン,-3.700444
ドロップ,-3.700444
ログ,-3.700444
ナーバ,-3.700444
ページ,-3.223323
ド,-2.700444
ケ,-3.001474
フィード,-3.700444
スマイル,-3.700444
ギヤ,-3.700444
ハー,-2.855346
ミルク,-3.098384
ゲイ,-3.399414
ニッ,-3.098384
セント,-3.700444
ター,-2.746202
ゾーン,-3.223323
グレード,-3.700444
マッ,-3.098384
ル,-2.922293
プレート,-3.399414
リュート,-3.700444
ロック,-2.922293
ステー,-3.223323
サッシュ,-3.700444
スラプ,-3.700444
ランク,-3.700444
ゼウス,-3.700444
スクリーン,-3.399414
スキュー,-3.399414
クリップ,-3.399414
ウエア,-3.399414
チャ,-2.922293
チュ,-3.700444
コーチ,-3.700444
ツアー,-3.399414
クローズ,-3.700444
ボーイ,-3.700444
ダスト,-3.223323
ベスト,-3.700444
ディー,-2.746202
ナット,-3.700444
ヒューズ,-3.700444
ロースト,-3.700444
ゼム,-3.700444
ハーフ,-3.098384
サンクス,-3.700444
ファッ,-2.922293
ダッシュ,-3.399414
ストレッチ,-3.700444
セックス,-3.399414
ノート,-3.399414
サード,-3.700444
デッド,-3.001474
メンチ,-3.700444
ストー,-3.223323
チーズ,-3.223323
フォル,-3.700444
シンボ,-3.399414
セール,-3.098384
ギャル,-3.700444
スタンド,-3.399414
フェード,-3.399414
モッブ,-3.700444
ヘア,-2.746202
クラッシュ,-3.700444
スリット,-3.700444
ウイル,-3.700444
ヘット,-3.700444
ワイル,-3.700444
ディク,-3.700444
スウェット,-3.223323
テーマ,-3.223323
ロー,-2.358021
スマッシュ,-3.700444
マーク,-2.922293
オル,-3.700444
ホスト,-3.399414
ガル,-3.700444
ネ,-2.855346
スプーン,-3.700444
リード,-3.001474
フィールド,-3.223323
タグ,-3.399414
リスト,-3.399414
スペード,-3.700444
シューズ,-3.223323
レスト,-3.700444
スプロール,-3.700444
アー,-2.746202
チャート,-3.399414
スノッブ,-3.700444
グロー,-3.223323
デ,-2.209082
ジェ,-3.223323
プリン,-3.223323
グラン,-3.700444
リュック,-3.700444
ティーン,-3.399414
スニー,-3.700444
カール,-3.399414
ワット,-3.700444
スポークス,-3.700444
モン,-3.001474
プレ,-2.855346
カム,-3.700444
グリーン,-3.098384
ジョ,-3.700444
トレッ,-3.700444
スキーヤー,-3.700444
グロス,-3.700444
ライフ,-2.700444
ソース,-2.797354
リア,-3.399414
レイプ,-3.700444
レア,-3.399414
ジンクス,-3.700444
キング,-3.223323
ルート,-3.399414
ミール,-3.700444
シフト,-3.700444
ホット,-2.922293
ペイン,-3.700444
スカー,-3.700444
ウエット,-3.399414
ミックス,-3.700444
ゴング,-3.700444
トーチ,-3.700444
パット,-3.700444
チャージ,-3.223323
フィール,-3.700444
エヌジー,-3.700444
グラス,-2.922293
パイプ,-3.399414
ホイル,-3.399414
ジャック,-3.223323
クロース,-3.399414
ルアー,-3.700444
チェンジ,-3.223323
ペン,-2.586501
スポイル,-3.700444
ファイト,-3.399414
ストレート,-3.700444
タキ,-3.700444
スープ,-3.700444
カウン,-2.855346
ライ,-2.496324
フープ,-3.700444
ソウル,-3.399414
パイル,-3.700444
ノ,-2.855346
シン,-2.421691
エキ,-3.001474
スキッド,-3.700444
バンド,-3.700444
コール,-2.855346
フォーム,-3.399414
タック,-3.223323
マルキ,-3.700444
ジュ,-3.399414
ヤード,-3.700444
ジャ,-2.922293
クロロ,-3.700444
セーキ,-3.700444
コックス,-3.700444
ワード,-3.223323
ツ,-3.700444
